project Name,	 Published Time,	 Year,	 Author 
Breadboard and Program an ESP-01 Circuit with the Arduino IDE,	 October 20,	2015,	 Charles R. Hampton
An ATMega328-based Data Acquisition System,	 October 18,	2015,	 Jens Christoffersen
An ATMega328-based Data Acquisition System,	 October 18,	2015,	 Jens Christoffersen
Make an LED Light Strip AHRS with Arduino and MPU-6050,	 October 13,	2015,	 Patrick Lloyd
Hack a Mousetrap with a 433MHz RF Module,	 October 07,	2015,	 Jens Christoffersen
Make a BLE Temperature Sensor with the nRF51,	 October 05,	2015,	 Travis Fagerness
Light Bar “Relative Comfort” Thermometer with NodeMCU,	 September 8,	2015,	 Patrick Lloyd
How to Add Bluetooth to a Ceiling Fan,	 September 25,	2015,	 Travis Fagerness
Introduction to FreeRTOS on the nRF51,	 September 24,	2015,	 Travis Fagerness
Using a Serial LCD with a PICAXE,	 September 22,	2015,	 Charles R. Hampton
How to Use RTC with Arduino and LCD,	 September 21,	2015,	 Jens Christoffersen
BLE using nRF51: Creating a BLE Peripheral,	 September 20,	2015,	 Travis Fagerness
An LCD for Your Microcontroller Using a Single I/O,	 September 17,	2015,	 Charles R. Hampton
EFM8 Sound Synthesizer: Playing Melodies via USB,	 September 17,	2015,	 Robert Keim
Introduction to the MQTT Protocol on NodeMCU,	 September 15,	2015,	 Patrick Lloyd
BLE using nRF51: ARM-GCC Build Environment,	 September 14,	2015,	 Travis Fagerness
EFM8 Sound Synthesizer: Driving the Speaker,	 September 11,	2015,	 Robert Keim
EFM8 Sound Synthesizer: From Square Wave to Sine Wave,	 September 04,	2015,	 Robert Keim
Ambient Light Monitor: Using a Triac to Adjust Lamp Brightness,	 September 01,	2015,	 Robert Keim
An Introduction to the Wunderbar,	 August 29,	2015,	 Patrick Lloyd
Breadboard and Program an ESP-01 Circuit with the Arduino IDE,	 October 20,	2015,	 Charles R. Hampton
An ATMega328-based Data Acquisition System,	 October 18,	2015,	 Jens Christoffersen
Make an LED Light Strip AHRS with Arduino and MPU-6050,	 October 13,	2015,	 Patrick Lloyd
Hack a Mousetrap with a 433MHz RF Module,	 October 07,	2015,	 Jens Christoffersen
Make a BLE Temperature Sensor with the nRF51,	 October 05,	2015,	 Travis Fagerness
Light Bar “Relative Comfort” Thermometer with NodeMCU,	 September 28,	2015,	 Patrick Lloyd
How to Add Bluetooth to a Ceiling Fan,	 September 25,	2015,	 Travis Fagerness
Introduction to FreeRTOS on the nRF51,	 September 24,	2015,	 Travis Fagerness
Using a Serial LCD with a PICAXE,	 September 22,	2015,	 Charles R. Hampton
How to Use RTC with Arduino and LCD,	 September 21,	2015,	 Jens Christoffersen
BLE using nRF51: Creating a BLE Peripheral,	 September 20,	2015,	 Travis Fagerness
An LCD for Your Microcontroller Using a Single I/O,	 September 17,	2015,	 Charles R. Hampton
EFM8 Sound Synthesizer: Playing Melodies via USB,	September 17	2015	 Robert Keim
Introduction to the MQTT Protocol on NodeMCU,	September 15,	2015,	 Patrick Lloyd
BLE using nRF51: ARM-GCC Build Environment,	 September 14,	2015,	 Travis Fagerness
EFM8 Sound Synthesizer: Driving the Speaker,	 September 11,	2015,	 Robert Keim
EFM8 Sound Synthesizer: From Square Wave to Sine Wave,	 September 04,	2015,	 Robert Keim
Ambient Light Monitor: Using a Triac to Adjust Lamp Brightness,	 September 01,	2015,	 Robert Keim
An Introduction to the Wunderbar,	 August 29,	2015,	 Patrick Lloyd
Breadboard and Program an ESP-01 Circuit with the Arduino IDE,	 October 20,	2015,	 Charles R. Hampton
An ATMega328-based Data Acquisition System,	 October 18,	2015,	 Jens Christoffersen
Make an LED Light Strip AHRS with Arduino and MPU-6050,	 October 13,	2015,	 Patrick Lloyd
Hack a Mousetrap with a 433MHz RF Module,	 October 07,	2015,	 Jens Christoffersen
Make a BLE Temperature Sensor with the nRF51,	 October 05,	2015,	 Travis Fagerness
Light Bar “Relative Comfort” Thermometer with NodeMCU,	 September 28,	2015,	 Patrick Lloyd
How to Add Bluetooth to a Ceiling Fan,	 September 25,	2015,	 Travis Fagerness
Introduction to FreeRTOS on the nRF51,	 September 24,	2015,	 Travis Fagerness
Using a Serial LCD with a PICAXE,	 September 22,	2015,	 Charles R. Hampton
How to Use RTC with Arduino and LCD,	 September 21,	2015,	 Jens Christoffersen
BLE using nRF51: Creating a BLE Peripheral,	 September 20,	2015,	 Travis Fagerness
An LCD for Your Microcontroller Using a Single I/O,	 September 17,	2015,	 Charles R. Hampton
EFM8 Sound Synthesizer: Playing Melodies via USB,	 September 17,	2015,	 Robert Keim
Introduction to the MQTT Protocol on NodeMCU,	 September 15,	2015,	 Patrick Lloyd
BLE using nRF51: ARM-GCC Build Environment,	 September 14,	2015,	 Travis Fagerness
EFM8 Sound Synthesizer: Driving the Speaker,	 September 11,	2015,	 Robert Keim
EFM8 Sound Synthesizer: From Square Wave to Sine Wave,	 September 04,	2015,	 Robert Keim
Ambient Light Monitor: Using a Triac to Adjust Lamp Brightness,	 September 01,	2015,	 Robert Keim
An Introduction to the Wunderbar,	 August 29,	2015,	 Patrick Lloyd
Breadboard and Program an ESP-01 Circuit with the Arduino IDE,	 October 20,	2015,	 Charles R. Hampton
An ATMega328-based Data Acquisition System,	 October 18,	2015,	 Jens Christoffersen
Make an LED Light Strip AHRS with Arduino and MPU-6050,	 October 13,	2015,	 Patrick Lloyd
Hack a Mousetrap with a 433MHz RF Module,	 October 07,	2015,	 Jens Christoffersen
Make a BLE Temperature Sensor with the nRF51,	 October 05,	2015,	 Travis Fagerness
Light Bar “Relative Comfort” Thermometer with NodeMCU,	 September 28,	2015,	 Patrick Lloyd
How to Add Bluetooth to a Ceiling Fan,	 September 25,	2015,	 Travis Fagerness
Introduction to FreeRTOS on the nRF51,	 September 24,	2015,	 Travis Fagerness
Using a Serial LCD with a PICAXE,	 September 22,	2015,	 Charles R. Hampton
How to Use RTC with Arduino and LCD,	 September 21,	2015,	 Jens Christoffersen
BLE using nRF51: Creating a BLE Peripheral,	 September 20,	2015,	 Travis Fagerness
An LCD for Your Microcontroller Using a Single I/O,	 September 17,	2015,	 Charles R. Hampton
EFM8 Sound Synthesizer: Playing Melodies via USB,	 September 17,	2015,	 Robert Keim
Introduction to the MQTT Protocol on NodeMCU,	 September 15,	2015,	 Patrick Lloyd
BLE using nRF51: ARM-GCC Build Environment,	 September 14,	2015,	 Travis Fagerness
EFM8 Sound Synthesizer: Driving the Speaker,	 September 11,	2015,	 Robert Keim
EFM8 Sound Synthesizer: From Square Wave to Sine Wave,	 September, 04	2015,	 Robert Keim
Ambient Light Monitor: Using a Triac to Adjust Lamp Brightness,	 September 01,	2015,	 Robert Keim
An Introduction to the Wunderbar,	 August 29,	2015,	 Patrick Lloyd
Breadboard and Program an ESP-01 Circuit with the Arduino IDE,	 October 20,	2015,	 Charles R. Hampton
An ATMega328-based Data Acquisition System,	 October 18,	2015,	 Jens Christoffersen
Make an LED Light Strip AHRS with Arduino and MPU-6050,	 October 13,	2015,	 Patrick Lloyd
Hack a Mousetrap with a 433MHz RF Module,	 October 07,	2015,	 Jens Christoffersen
Make a BLE Temperature Sensor with the nRF51,	 October 05,	2015,	 Travis Fagerness
Light Bar “Relative Comfort” Thermometer with NodeMCU,	 September 28,	2015,	 Patrick Lloyd
How to Add Bluetooth to a Ceiling Fan,	 September 25,	2015,	 Travis Fagerness
Introduction to FreeRTOS on the nRF51,	 September 24,	2015,	 Travis Fagerness
Using a Serial LCD with a PICAXE,	 September 22,	2015,	 Charles R. Hampton
How to Use RTC with Arduino and LCD,	 September 21,	2015,	 Jens Christoffersen
BLE using nRF51: Creating a BLE Peripheral,	 September 20,	2015,	 Travis Fagerness
An LCD for Your Microcontroller Using a Single I/O,	 September 17,	2015,	 Charles R. Hampton
EFM8 Sound Synthesizer: Playing Melodies via USB,	 September 17,	2015,	 Robert Keim
Introduction to the MQTT Protocol on NodeMCU,	 September 15,	2015,	 Patrick Lloyd
BLE using nRF51: ARM-GCC Build Environment,	 September 14,	2015,	 Travis Fagerness
EFM8 Sound Synthesizer: Driving the Speaker,	 September 11,	2015,	 Robert Keim
EFM8 Sound Synthesizer: From Square Wave to Sine Wave,	 September 04,	2015,	 Robert Keim
Ambient Light Monitor: Using a Triac to Adjust Lamp Brightness,	 September 01,	2015,	 Robert Keim
An Introduction to the Wunderbar,	 August 29,	2015,	 Patrick Lloyd
Breadboard and Program an ESP-01 Circuit with the Arduino IDE,	 October 20,	2015,	 Charles R. Hampton
An ATMega328-based Data Acquisition System,	 October 18,	2015,	 Jens Christoffersen
Make an LED Light Strip AHRS with Arduino and MPU-6050,	 October 13,	2015,	 Patrick Lloyd
Hack a Mousetrap with a 433MHz RF Module,	 October 07,	2015,	 Jens Christoffersen
Make a BLE Temperature Sensor with the nRF51,	 October 05,	2015,	 Travis Fagerness
Light Bar “Relative Comfort” Thermometer with NodeMCU,	 September 28,	2015,	 Patrick Lloyd
How to Add Bluetooth to a Ceiling Fan,	 September 25,	2015,	 Travis Fagerness
Introduction to FreeRTOS on the nRF51,	 September 24,	2015,	 Travis Fagerness
Using a Serial LCD with a PICAXE,	 September 22,	2015,	 Charles R. Hampton
How to Use RTC with Arduino and LCD,	 September 21,	2015,	 Jens Christoffersen
BLE using nRF51: Creating a BLE Peripheral,	 September 20,	2015,	 Travis Fagerness
An LCD for Your Microcontroller Using a Single I/O,	 September 17,	2015,	 Charles R. Hampton
EFM8 Sound Synthesizer: Playing Melodies via USB,	 September 17,	2015,	 Robert Keim
Introduction to the MQTT Protocol on NodeMCU,	 September 15,	2015,	 Patrick Lloyd
BLE using nRF51: ARM-GCC Build Environment,	 September 14,	2015,	 Travis Fagerness
EFM8 Sound Synthesizer: Driving the Speaker,	 September 11,	2015,	 Robert Keim
EFM8 Sound Synthesizer: From Square Wave to Sine Wave,	 September 04,	2015,	 Robert Keim
Ambient Light Monitor: Using a Triac to Adjust Lamp Brightness,	 September 01,	2015,	 Robert Keim
An Introduction to the Wunderbar,	 August 29,	2015,	 Patrick Lloyd


